#index	item	rlvl	ilvl	image
0	Amulet of the Viper	0	0	
1	Staff of Kings	0	0	
2	Horadric Staff	15	0	
3	Hell Forge Hammer	20	0	
4	Khalim's Flail	15	0	
5	Khalim's Will	20	0	
6	\gold;I Am Rich	0	1	
7	\gold;Sunstone of the Twin Seas	50	1	
8	(Amazon Challenge Item)\nSacred Sunstone	90	1	
9	(Assassin Challenge Item)\nShadow Vortex	90	1	
10	(Barbarian Challenge Item)\nWorldstone Orb	90	1	
11	(Druid Challenge Item)\nCaoi Dulra Fruit	90	1	
12	(Necromancer Challenge Item)\nSoulstone Shard	90	1	
13	(Paladin Challenge Item)\nEye of Divinity	90	1	
14	(Sorceress Challenge Item)\nNexus Crystal	90	1	
15	Corrupted Wormhole	100	1	
16	Optical Detector	105	1	
17	Laser Focus Crystal	105	1	
18	The Butcher's Tooth	105	1	
19	\gold;Six Angel Bag	105	1	
20	Visions of Akarat	110	1	
21	Scroll of Kings	110	1	
22	Sacred Worldstone Key	110	1	
23	Horazon's Focus	110	1	
24	By Richard Knaak\nMoon of the Spider	110	1	
25	Azmodan's Heart	115	1	
26	Idol of Vanity	115	1	
27	By Richard Knaak\nLegacy of Blood	115	1	
28	Sunstone of the Gods	115	1	
29	Zakarum's Ear	115	1	
30	Spirit Trance Herb	115	1	
31	Paragon's Hammer	115	1	
32	The Black Road	115	1	
33	Moo moo moo Moooo! Moo!\nFool's Gold	115	1	
34	Silver Seal of Ureh	120	1	
35	Crystalline Flame Medallion	120	1	
36	Eternal Bone Pile	120	1	
37	By Robert Marks\nDemonsbane	120	1	
38	Weather Control	120	1	
39	LilithReward	125	1	
40	Umbaru Treasure	120	1	
41	Soul of Kabraxis	120	1	kabraxis_death_1
42	Golden Cycle	0	1	
43	\grey;Quest Item\n\gold;Tome of Possession	120	1	
44	Astrogha's Venom Stinger	125	1	
45	The Book of Lies	125	1	
46	Cold Fusion Schematics	125	1	
47	Dragon Claw	125	1	
48	The Sleep	125	1	
49	The Ancient Repositories	125	1	
50	Xazax's Illusion	125	1	
51	The Glorious Book of Median	130	1	swallowyoursoul
52	Books of Kalan	130	1	
53	\gold;Neutrality Pact	130	1	
54	Vial of Elder Blood	135	1	
55	unused	1	1	
56	Spirit of Creation	120	1	
57	'The Last Man Standing'\nEvent Award:	0	1	
58	Cube Reagent\n\gold;Book of Cain	0	1	
59	\grey;Item Design\n\gold;Book of Cain	0	1	
60	\grey;Item Design\n\gold;Valkyrie's Prime	110	1	
61	\grey;Item Design\n\gold;Staff of Herding	33	1	
62	Staff of Herding	33	1	
63	Akara's Robe	10	255	
64	Akara's Robe	50	255	
65	Akara's Robe	80	255	
66	Ring of the Five	100	1	
67	Assur's Bane	100	1	
68	\gold;Ring of Pride	0	1	
69	Quest Ring\nRing of Virtue	130	1	
70	Valkyrie's Prime	110	105	
71	Maleficence	125	110	
72	Desolation	125	110	
73	Despondence	125	110	
74	Celestial Sigil	125	110	
75	Catechumen	7	12	
76	Catechumen	25	29	
77	Catechumen	42	50	
78	Catechumen	51	85	
79	Queen of Glass	11	19	
80	Queen of Glass	30	34	
81	Queen of Glass	47	55	
82	Queen of Glass	54	90	
83	Vindicatress	8	12	
84	Vindicatress	26	29	
85	Vindicatress	45	49	
86	Vindicatress	54	85	
87	Nymph's Grace	6	9	
88	Nymph's Grace	23	27	
89	Nymph's Grace	41	48	
90	Nymph's Grace	49	82	
91	Bathos	6	10	
92	Bathos	24	27	
93	Bathos	41	48	
94	Bathos	50	83	
95	Thunderdome	8	13	
96	Thunderdome	25	29	
97	Thunderdome	43	50	
98	Thunderdome	51	85	
99	The Sightless Eye	1	3	
100	The Sightless Eye	19	22	
101	The Sightless Eye	36	43	
102	The Sightless Eye	45	76	
103	Spirit Teacher's Headdress	10	17	
104	Spirit Teacher's Headdress	28	32	
105	Spirit Teacher's Headdress	46	53	
106	Spirit Teacher's Headdress	54	90	
107	The Lumberjack	3	5	
108	The Lumberjack	22	24	
109	The Lumberjack	40	45	
110	The Lumberjack	49	78	
111	Wolfpack	6	9	
112	Wolfpack	25	27	
113	Wolfpack	43	48	
114	Wolfpack	53	83	
115	Rockshatter	6	10	
116	Rockshatter	24	27	
117	Rockshatter	43	48	
118	Rockshatter	53	83	
119	Ironsleet	7	12	
120	Ironsleet	26	29	
121	Ironsleet	44	49	
122	Ironsleet	54	85	
123	Wisdom's Wrap	12	19	
124	Wisdom's Wrap	29	34	
125	Wisdom's Wrap	47	54	
126	Wisdom's Wrap	55	90	
127	Addertongue	6	9	
128	Addertongue	24	27	
129	Addertongue	43	48	
130	Addertongue	52	82	
131	Skullhammer	5	8	
132	Skullhammer	24	26	
133	Skullhammer	42	47	
134	Skullhammer	51	81	
135	The Covenant	6	10	
136	The Covenant	25	27	
137	The Covenant	43	48	
138	The Covenant	52	83	
139	Aerin Orbiter	5	8	
140	Aerin Orbiter	22	26	
141	Aerin Orbiter	40	46	
142	Aerin Orbiter	48	80	
143	Skull Lord	6	9	
144	Skull Lord	24	27	
145	Skull Lord	41	47	
146	Skull Lord	50	83	
147	Clawscratch	10	15	
148	Clawscratch	28	32	
149	Clawscratch	47	52	
150	Clawscratch	54	86	
151	Leoric's Legion	8	13	
152	Leoric's Legion	25	29	
153	Leoric's Legion	43	50	
154	Leoric's Legion	52	85	
155	Arihan's End	11	17	
156	Arihan's End	29	33	
157	Arihan's End	49	54	
158	Arihan's End	57	90	
159	Auto Da Fe	4	6	
160	Auto Da Fe	22	25	
161	Auto Da Fe	41	45	
162	Auto Da Fe	50	79	
163	Stillwater	10	17	
164	Stillwater	27	32	
165	Stillwater	45	53	
166	Stillwater	54	90	
167	The Wailing Wall	5	9	
168	The Wailing Wall	23	27	
169	The Wailing Wall	40	47	
170	The Wailing Wall	49	81	
171	Talon's Reach	6	9	
172	Talon's Reach	26	29	
173	Talon's Reach	47	51	
174	Talon's Reach	57	90	
175	Fateweaver	5	8	
176	Fateweaver	23	26	
177	Fateweaver	42	46	
178	Fateweaver	51	81	
179	Rabbit's Foot	1	1	
180	Rabbit's Foot	17	20	
181	Rabbit's Foot	34	40	
182	Rabbit's Foot	43	71	
183	Shieldcracker	5	7	
184	Shieldcracker	23	26	
185	Shieldcracker	42	46	
186	Shieldcracker	51	80	
187	Werecat	5	8	
188	Werecat	23	27	
189	Werecat	40	47	
190	Werecat	50	83	
191	Jackal's Hunger	3	5	
192	Jackal's Hunger	22	24	
193	Jackal's Hunger	40	44	
194	Jackal's Hunger	49	78	
195	Raptor Beak	6	10	
196	Raptor Beak	25	27	
197	Raptor Beak	44	49	
198	Raptor Beak	53	84	
199	The Breaking Wheel	7	9	
200	The Breaking Wheel	24	27	
201	The Breaking Wheel	42	48	
202	The Breaking Wheel	51	83	
203	Uldyssian's Legion	9	13	
204	Uldyssian's Legion	27	29	
205	Uldyssian's Legion	46	50	
206	Uldyssian's Legion	55	86	
207	Razordisk	1	1	
208	Razordisk	17	20	
209	Razordisk	35	41	
210	Razordisk	43	72	
211	Golden Fleece	3	5	
212	Golden Fleece	21	24	
213	Golden Fleece	38	44	
214	Golden Fleece	47	78	
215	The Jester	1	1	
216	The Jester	17	20	
217	The Jester	35	41	
218	The Jester	44	73	
219	Wedding Dress of the Zann	12	20	
220	Wedding Dress of the Zann	31	35	
221	Wedding Dress of the Zann	48	55	
222	Wedding Dress of the Zann	55	90	
223	Snakehair	5	8	
224	Snakehair	23	26	
225	Snakehair	40	46	
226	Snakehair	49	82	
227	Hellfeast	5	8	
228	Hellfeast	24	27	
229	Hellfeast	42	47	
230	Hellfeast	52	82	
231	Lionpaw	4	7	
232	Lionpaw	22	25	
233	Lionpaw	39	46	
234	Lionpaw	48	79	
235	Featherclaw	5	8	
236	Featherclaw	22	26	
237	Featherclaw	40	46	
238	Featherclaw	48	80	
239	Albrecht's Revenge	4	7	
240	Albrecht's Revenge	22	26	
241	Albrecht's Revenge	39	46	
242	Albrecht's Revenge	49	81	
243	The Celestial Crown	4	7	
244	The Celestial Crown	22	25	
245	The Celestial Crown	39	46	
246	The Celestial Crown	48	81	
247	Thunderball	6	10	
248	Thunderball	25	27	
249	Thunderball	43	48	
250	Thunderball	52	83	
251	Gold Digger	6	10	
252	Gold Digger	25	27	
253	Gold Digger	44	49	
254	Gold Digger	53	84	
255	Jared's Fragmentor	2	4	
256	Jared's Fragmentor	21	23	
257	Jared's Fragmentor	39	43	
258	Jared's Fragmentor	50	78	
259	Gnarled Root	1	1	
260	Gnarled Root	18	20	
261	Gnarled Root	37	41	
262	Gnarled Root	46	73	
263	Soulraider	4	7	
264	Soulraider	23	25	
265	Soulraider	41	46	
266	Soulraider	50	79	
267	Sagespirit	5	8	
268	Sagespirit	24	26	
269	Sagespirit	42	46	
270	Sagespirit	51	80	
271	The Allseeing Eye	6	9	
272	The Allseeing Eye	23	27	
273	The Allseeing Eye	41	48	
274	The Allseeing Eye	49	82	
275	The Barracuda	5	8	
276	The Barracuda	24	27	
277	The Barracuda	42	46	
278	The Barracuda	52	82	
279	Glowskull	10	17	
280	Glowskull	28	32	
281	Glowskull	46	53	
282	Glowskull	54	90	
283	Shadowmoon	10	17	
284	Shadowmoon	28	32	
285	Shadowmoon	45	53	
286	Shadowmoon	54	90	
287	Iceflayer	11	18	
288	Iceflayer	30	33	
289	Iceflayer	48	53	
290	Iceflayer	57	90	
291	The Shanker	1	1	
292	The Shanker	18	20	
293	The Shanker	36	40	
294	The Shanker	45	72	
295	The Khalim Organ	6	9	
296	The Khalim Organ	25	27	
297	The Khalim Organ	43	47	
298	The Khalim Organ	53	83	
299	Hellspeak	10	17	
300	Hellspeak	28	32	
301	Hellspeak	45	53	
302	Hellspeak	54	90	
303	Haareis	10	17	
304	Haareis	28	32	
305	Haareis	46	53	
306	Haareis	54	90	
307	Quov Tsin's Fall	4	6	
308	Quov Tsin's Fall	22	25	
309	Quov Tsin's Fall	41	45	
310	Quov Tsin's Fall	50	79	
311	Anthem De Frost	5	8	
312	Anthem De Frost	24	26	
313	Anthem De Frost	42	47	
314	Anthem De Frost	51	81	
315	Dragonstone	10	16	
316	Dragonstone	29	32	
317	Dragonstone	47	52	
318	Dragonstone	54	86	
319	The Watcher	1	1	
320	The Watcher	17	19	
321	The Watcher	36	39	
322	The Watcher	45	71	
323	Wildhunt	7	10	
324	Wildhunt	24	28	
325	Wildhunt	42	48	
326	Wildhunt	50	83	
327	Finis Terra	5	8	
328	Finis Terra	24	27	
329	Finis Terra	42	47	
330	Finis Terra	52	82	
331	Skyguard	8	13	
332	Skyguard	25	29	
333	Skyguard	43	50	
334	Skyguard	51	85	
335	Bonechewer	4	7	
336	Bonechewer	22	25	
337	Bonechewer	39	46	
338	Bonechewer	48	81	
339	Fauztin's Visage	11	11	
340	Fauztin's Visage	37	29	
341	Fauztin's Visage	61	48	
342	Fauztin's Visage	75	86	
343	Ravenflock	16	17	
344	Ravenflock	45	32	
345	Ravenflock	70	53	
346	Ravenflock	84	87	
347	Frostbringer	7	11	
348	Frostbringer	26	29	
349	Frostbringer	45	49	
350	Frostbringer	54	85	
351	Naiad King	4	7	
352	Naiad King	25	27	
353	Naiad King	46	50	
354	Naiad King	55	86	
355	Icebird	4	6	
356	Icebird	23	25	
357	Icebird	41	46	
358	Icebird	50	80	
359	Farnham's Flowerpot	6	9	
360	Farnham's Flowerpot	23	27	
361	Farnham's Flowerpot	41	48	
362	Farnham's Flowerpot	49	82	
363	Shroud Royal	11	18	
364	Shroud Royal	28	33	
365	Shroud Royal	46	53	
366	Shroud Royal	54	90	
367	Serenthia's Disguise	3	5	
368	Serenthia's Disguise	20	22	
369	Serenthia's Disguise	38	44	
370	Serenthia's Disguise	46	76	
371	Graven Image	7	12	
372	Graven Image	25	29	
373	Graven Image	42	50	
374	Graven Image	51	85	
375	Pollice Verso	10	16	
376	Pollice Verso	27	32	
377	Pollice Verso	44	52	
378	Pollice Verso	52	86	
379	Edge of Extinction	11	17	
380	Edge of Extinction	29	32	
381	Edge of Extinction	48	53	
382	Edge of Extinction	55	87	
383	Hellreaper	4	7	
384	Hellreaper	23	25	
385	Hellreaper	41	46	
386	Hellreaper	51	81	
387	Invictus	14	16	
388	Invictus	31	32	
389	Invictus	49	52	
390	Invictus	57	88	
391	Sudis Murale	7	11	
392	Sudis Murale	25	28	
393	Sudis Murale	44	48	
394	Sudis Murale	53	84	
395	Dubhdraiocht	4	7	
396	Dubhdraiocht	23	25	
397	Dubhdraiocht	42	46	
398	Dubhdraiocht	50	79	
399	Dies Metus	6	9	
400	Dies Metus	24	27	
401	Dies Metus	43	47	
402	Dies Metus	52	82	
403	Steel Golem	9	15	
404	Steel Golem	27	31	
405	Steel Golem	45	52	
406	Steel Golem	52	87	
407	Doomfall	10	17	
408	Doomfall	28	32	
409	Doomfall	45	53	
410	Doomfall	54	90	
411	Voidstream	4	6	
412	Voidstream	23	25	
413	Voidstream	41	46	
414	Voidstream	51	80	
415	Norrec's Topor	7	11	
416	Norrec's Topor	25	28	
417	Norrec's Topor	44	48	
418	Norrec's Topor	53	84	
419	Lanterne Rouge	8	13	
420	Lanterne Rouge	25	29	
421	Lanterne Rouge	43	50	
422	Lanterne Rouge	51	85	
423	The Flying Anvil	11	17	
424	The Flying Anvil	29	32	
425	The Flying Anvil	48	53	
426	The Flying Anvil	55	87	
427	The Dao of Xiansai	11	17	
428	The Dao of Xiansai	29	33	
429	The Dao of Xiansai	49	54	
430	The Dao of Xiansai	57	90	
431	Wake of Destruction	9	16	
432	Wake of Destruction	27	32	
433	Wake of Destruction	44	51	
434	Wake of Destruction	52	86	
435	Blackheart	11	17	
436	Blackheart	29	32	
437	Blackheart	47	53	
438	Blackheart	55	87	
439	Gift of the Spiritbeast	12	18	
440	Gift of the Spiritbeast	31	35	
441	Gift of the Spiritbeast	52	57	
442	Gift of the Spiritbeast	60	90	
443	Brainhack	1	1	
444	Brainhack	19	20	
445	Brainhack	37	41	
446	Brainhack	46	73	
447	Faithshaker	12	18	
448	Faithshaker	30	33	
449	Faithshaker	49	53	
450	Faithshaker	56	88	
451	Leather of Aut	2	4	
452	Leather of Aut	19	22	
453	Leather of Aut	37	43	
454	Leather of Aut	45	75	
455	Sawfish	4	6	
456	Sawfish	22	25	
457	Sawfish	41	45	
458	Sawfish	50	79	
459	Earth Song	4	7	
460	Earth Song	22	25	
461	Earth Song	39	46	
462	Earth Song	48	81	
463	Deadfall	7	11	
464	Deadfall	24	28	
465	Deadfall	41	48	
466	Deadfall	50	84	
467	Death Spur	3	5	
468	Death Spur	20	24	
469	Death Spur	38	44	
470	Death Spur	46	77	
471	Fallentooth	8	12	
472	Fallentooth	28	31	
473	Fallentooth	47	52	
474	Fallentooth	54	85	
475	Toorc's Gift	3	5	
476	Toorc's Gift	20	24	
477	Toorc's Gift	38	44	
478	Toorc's Gift	46	77	
479	Lavadome	4	7	
480	Lavadome	22	25	
481	Lavadome	39	46	
482	Lavadome	48	81	
483	Thunderhead	5	9	
484	Thunderhead	23	27	
485	Thunderhead	40	47	
486	Thunderhead	49	82	
487	Mendeln's Companion	4	6	
488	Mendeln's Companion	24	27	
489	Mendeln's Companion	45	49	
490	Mendeln's Companion	55	86	
491	The Crucifier	3	4	
492	The Crucifier	23	26	
493	The Crucifier	44	48	
494	The Crucifier	53	84	
495	Cornucopia	6	9	
496	Cornucopia	23	27	
497	Cornucopia	41	48	
498	Cornucopia	49	82	
499	Godhead	2	4	
500	Godhead	19	23	
501	Godhead	37	43	
502	Godhead	45	76	
503	Deadly Hunter	1	3	
504	Deadly Hunter	20	22	
505	Deadly Hunter	39	43	
506	Deadly Hunter	48	75	
507	Icehunter's Fang	7	11	
508	Icehunter's Fang	26	28	
509	Icehunter's Fang	45	50	
510	Icehunter's Fang	54	85	
511	Demon's Flight	1	1	
512	Demon's Flight	18	20	
513	Demon's Flight	36	41	
514	Demon's Flight	46	72	
515	Slimedrool	3	4	
516	Slimedrool	20	23	
517	Slimedrool	37	43	
518	Slimedrool	47	78	
519	The Nutcracker	1	1	
520	The Nutcracker	19	21	
521	The Nutcracker	37	41	
522	The Nutcracker	46	73	
523	Ennead's Bane	6	9	
524	Ennead's Bane	24	27	
525	Ennead's Bane	41	48	
526	Ennead's Bane	51	84	
527	Banner of Duncraig	5	9	
528	Banner of Duncraig	23	27	
529	Banner of Duncraig	40	47	
530	Banner of Duncraig	49	82	
531	Bul Kathos' Teaching	13	19	
532	Bul Kathos' Teaching	31	34	
533	Bul Kathos' Teaching	50	55	
534	Bul Kathos' Teaching	58	90	
535	Acidburn	6	9	
536	Acidburn	24	27	
537	Acidburn	43	47	
538	Acidburn	52	82	
539	Wrathchild	12	18	
540	Wrathchild	31	35	
541	Wrathchild	52	57	
542	Wrathchild	60	90	
543	Nightscape	4	7	
544	Nightscape	22	25	
545	Nightscape	39	46	
546	Nightscape	48	79	
547	Heartrend	1	1	
548	Heartrend	18	20	
549	Heartrend	37	41	
550	Heartrend	46	73	
551	Wheel of Fortune	4	6	
552	Wheel of Fortune	21	25	
553	Wheel of Fortune	39	46	
554	Wheel of Fortune	48	80	
555	Acidblood	2	3	
556	Acidblood	18	21	
557	Acidblood	35	41	
558	Acidblood	45	75	
559	Vilehand	1	1	
560	Vilehand	17	20	
561	Vilehand	34	40	
562	Vilehand	43	72	
563	Wormtongue	3	5	
564	Wormtongue	21	24	
565	Wormtongue	38	45	
566	Wormtongue	46	77	
567	Runeshatter	3	5	
568	Runeshatter	22	25	
569	Runeshatter	40	45	
570	Runeshatter	50	78	
571	Visegrip	6	11	
572	Visegrip	24	28	
573	Visegrip	41	48	
574	Visegrip	50	83	
575	Dragon's Blood	8	13	
576	Dragon's Blood	25	29	
577	Dragon's Blood	43	50	
578	Dragon's Blood	51	85	
579	Zealot Rush	6	10	
580	Zealot Rush	24	27	
581	Zealot Rush	41	48	
582	Zealot Rush	50	83	
583	Darkplague	6	10	
584	Darkplague	25	27	
585	Darkplague	43	48	
586	Darkplague	52	83	
587	Magebane	3	5	
588	Magebane	22	25	
589	Magebane	40	45	
590	Magebane	50	78	
591	The Magister	3	4	
592	The Magister	21	23	
593	The Magister	40	44	
594	The Magister	49	77	
595	Herr Donner	8	12	
596	Herr Donner	26	29	
597	Herr Donner	45	50	
598	Herr Donner	54	85	
599	The Black Dame	11	18	
600	The Black Dame	30	33	
601	The Black Dame	48	53	
602	The Black Dame	57	90	
603	Koth's Lesson	5	8	
604	Koth's Lesson	23	26	
605	Koth's Lesson	42	46	
606	Koth's Lesson	51	81	
607	Mooncurse	10	16	
608	Mooncurse	29	32	
609	Mooncurse	47	53	
610	Mooncurse	55	86	
611	Terra Indiges	10	16	
612	Terra Indiges	29	32	
613	Terra Indiges	47	52	
614	Terra Indiges	55	86	
615	Sundial Spire	7	10	
616	Sundial Spire	25	28	
617	Sundial Spire	44	48	
618	Sundial Spire	53	83	
619	King of the Dreadlands	1	1	
620	King of the Dreadlands	20	22	
621	King of the Dreadlands	40	44	
622	King of the Dreadlands	50	80	
623	Wasp Sting	7	11	
624	Wasp Sting	26	28	
625	Wasp Sting	44	48	
626	Wasp Sting	53	84	
627	Lord of Thorns	11	17	
628	Lord of Thorns	31	34	
629	Lord of Thorns	51	57	
630	Lord of Thorns	59	90	
631	Umbaru's Jinx	7	12	
632	Umbaru's Jinx	24	28	
633	Umbaru's Jinx	42	49	
634	Umbaru's Jinx	50	84	
635	Bonerattler	7	11	
636	Bonerattler	25	28	
637	Bonerattler	44	48	
638	Bonerattler	53	84	
639	The Prospector's Pick	7	11	
640	The Prospector's Pick	26	28	
641	The Prospector's Pick	44	49	
642	The Prospector's Pick	53	84	
643	Zerae's Veil	2	2	
644	Zerae's Veil	18	21	
645	Zerae's Veil	36	41	
646	Zerae's Veil	45	74	
647	Magnet Rock	7	11	
648	Magnet Rock	25	28	
649	Magnet Rock	44	48	
650	Magnet Rock	53	84	
651	Na-Krul's Spine	6	9	
652	Na-Krul's Spine	26	29	
653	Na-Krul's Spine	47	51	
654	Na-Krul's Spine	57	90	
655	Deathwind	4	6	
656	Deathwind	23	25	
657	Deathwind	41	46	
658	Deathwind	51	79	
659	Oni no Ona	1	1	
660	Oni no Ona	19	22	
661	Oni no Ona	40	44	
662	Oni no Ona	50	80	
663	Astrogha's Eye	5	7	
664	Astrogha's Eye	22	26	
665	Astrogha's Eye	40	46	
666	Astrogha's Eye	49	81	
667	Dragonfire	8	10	
668	Dragonfire	25	28	
669	Dragonfire	43	48	
670	Dragonfire	52	84	
671	Death Pit Stake	10	16	
672	Death Pit Stake	29	32	
673	Death Pit Stake	47	52	
674	Death Pit Stake	55	86	
675	Shadowstrike	3	4	
676	Shadowstrike	21	24	
677	Shadowstrike	40	44	
678	Shadowstrike	49	77	
679	Dragon Tail	10	16	
680	Dragon Tail	27	32	
681	Dragon Tail	44	52	
682	Dragon Tail	52	87	
683	Iceshell	6	10	
684	Iceshell	23	27	
685	Iceshell	42	49	
686	Iceshell	50	84	
687	Albrecht's Heirloom	2	4	
688	Albrecht's Heirloom	20	23	
689	Albrecht's Heirloom	37	43	
690	Albrecht's Heirloom	46	77	
691	The War Cloak	1	1	
692	The War Cloak	18	20	
693	The War Cloak	35	41	
694	The War Cloak	44	73	
695	Cane of Juris Khan	1	1	
696	Cane of Juris Khan	19	21	
697	Cane of Juris Khan	39	43	
698	Cane of Juris Khan	50	79	
699	Thorn Branch	12	19	
700	Thorn Branch	31	34	
701	Thorn Branch	49	54	
702	Thorn Branch	58	90	
703	Herald of Skartara	11	18	
704	Herald of Skartara	30	33	
705	Herald of Skartara	48	53	
706	Herald of Skartara	57	90	
707	Embershot	11	18	
708	Embershot	30	33	
709	Embershot	48	53	
710	Embershot	57	90	
711	Sharkbaiter	4	6	
712	Sharkbaiter	21	25	
713	Sharkbaiter	39	45	
714	Sharkbaiter	47	79	
715	Oreichalcos	4	6	
716	Oreichalcos	21	25	
717	Oreichalcos	39	46	
718	Oreichalcos	48	80	
719	Wardance	4	6	
720	Wardance	22	25	
721	Wardance	41	45	
722	Wardance	50	79	
723	Lunarsong	3	4	
724	Lunarsong	21	23	
725	Lunarsong	40	44	
726	Lunarsong	49	77	
727	Moonwrap	1	1	
728	Moonwrap	17	20	
729	Moonwrap	35	41	
730	Moonwrap	43	72	
731	Robe of Leaves	4	6	
732	Robe of Leaves	21	25	
733	Robe of Leaves	39	45	
734	Robe of Leaves	47	79	
735	Sunbearer	1	1	
736	Sunbearer	18	20	
737	Sunbearer	37	41	
738	Sunbearer	46	72	
739	Al Nath	2	4	
740	Al Nath	20	22	
741	Al Nath	39	43	
742	Al Nath	48	76	
743	Circuit Breaker	12	18	
744	Circuit Breaker	30	34	
745	Circuit Breaker	49	54	
746	Circuit Breaker	57	90	
747	Bonefiend	6	9	
748	Bonefiend	24	27	
749	Bonefiend	43	47	
750	Bonefiend	52	82	
751	Vipercast	6	9	
752	Vipercast	25	27	
753	Vipercast	43	47	
754	Vipercast	53	83	
755	Chargebreaker	12	17	
756	Chargebreaker	30	32	
757	Chargebreaker	47	53	
758	Chargebreaker	56	90	
759	Buriza-Do Tsuru	5	8	
760	Buriza-Do Tsuru	24	27	
761	Buriza-Do Tsuru	42	46	
762	Buriza-Do Tsuru	52	82	
763	The Rift Bow	1	1	
764	The Rift Bow	17	19	
765	The Rift Bow	36	39	
766	The Rift Bow	45	71	
767	Icepick	5	7	
768	Icepick	23	26	
769	Icepick	42	46	
770	Icepick	51	80	
771	Demoncall	1	1	
772	Demoncall	17	19	
773	Demoncall	36	39	
774	Demoncall	45	71	
775	Grim Fang	1	1	
776	Grim Fang	19	21	
777	Grim Fang	37	41	
778	Grim Fang	46	73	
779	Webspinner	8	12	
780	Webspinner	28	31	
781	Webspinner	47	52	
782	Webspinner	54	85	
783	Topspin	3	4	
784	Topspin	20	23	
785	Topspin	37	43	
786	Topspin	47	78	
787	Destroying Angel	2	4	
788	Destroying Angel	20	23	
789	Destroying Angel	37	43	
790	Destroying Angel	46	77	
791	Narlant Dream	4	7	
792	Narlant Dream	23	25	
793	Narlant Dream	42	46	
794	Narlant Dream	50	79	
795	Titan's Burden	11	18	
796	Titan's Burden	29	33	
797	Titan's Burden	47	54	
798	Titan's Burden	55	90	
799	The Aggressor	5	7	
800	The Aggressor	23	25	
801	The Aggressor	42	46	
802	The Aggressor	51	80	
803	Ravenbeak	1	1	
804	Ravenbeak	18	20	
805	Ravenbeak	36	40	
806	Ravenbeak	46	72	
807	Fangspear	7	10	
808	Fangspear	25	28	
809	Fangspear	44	48	
810	Fangspear	53	83	
811	Greiz' Slapjack	3	5	
812	Greiz' Slapjack	21	24	
813	Greiz' Slapjack	40	44	
814	Greiz' Slapjack	49	78	
815	Cloudladder	7	12	
816	Cloudladder	24	29	
817	Cloudladder	42	49	
818	Cloudladder	51	84	
819	Compass of Souls	11	16	
820	Compass of Souls	30	34	
821	Compass of Souls	51	57	
822	Compass of Souls	59	90	
823	Grimspirit	10	17	
824	Grimspirit	28	32	
825	Grimspirit	46	53	
826	Grimspirit	54	90	
827	Jitan's Kamon	6	10	
828	Jitan's Kamon	23	27	
829	Jitan's Kamon	41	48	
830	Jitan's Kamon	49	82	
831	Flowerspring	6	10	
832	Flowerspring	25	27	
833	Flowerspring	43	48	
834	Flowerspring	52	83	
835	Starkiller	9	13	
836	Starkiller	29	32	
837	Starkiller	48	53	
838	Starkiller	55	86	
839	Carmen Arvale	3	6	
840	Carmen Arvale	21	25	
841	Carmen Arvale	38	45	
842	Carmen Arvale	47	78	
843	Grail of Tears	2	4	
844	Grail of Tears	20	23	
845	Grail of Tears	37	43	
846	Grail of Tears	46	77	
847	The Angiris Pike	11	17	
848	The Angiris Pike	31	35	
849	The Angiris Pike	51	57	
850	The Angiris Pike	60	90	
851	Sterrenvogel	1	1	
852	Sterrenvogel	17	39	
853	Sterrenvogel	36	68	
854	Sterrenvogel	45	80	
855	Death Touch	1	1	
856	Death Touch	18	20	
857	Death Touch	36	40	
858	Death Touch	45	72	
859	Dwaallicht	10	16	
860	Dwaallicht	29	32	
861	Dwaallicht	47	53	
862	Dwaallicht	55	86	
863	Auriel's Halo	8	13	
864	Auriel's Halo	25	29	
865	Auriel's Halo	43	50	
866	Auriel's Halo	51	85	
867	Black Sheep Wall	6	10	
868	Black Sheep Wall	24	27	
869	Black Sheep Wall	41	48	
870	Black Sheep Wall	50	82	
871	The Ivory Tower	7	12	
872	The Ivory Tower	25	29	
873	The Ivory Tower	42	50	
874	The Ivory Tower	51	85	
875	Corpsefling	12	19	
876	Corpsefling	31	34	
877	Corpsefling	49	54	
878	Corpsefling	58	90	
879	Sea Summoner	3	4	
880	Sea Summoner	21	24	
881	Sea Summoner	40	44	
882	Sea Summoner	49	77	
883	The Overlord	1	1	
884	The Overlord	19	20	
885	The Overlord	37	41	
886	The Overlord	46	73	
887	Darkflesh	5	9	
888	Darkflesh	23	27	
889	Darkflesh	40	47	
890	Darkflesh	49	82	
891	Bergkaiser	7	12	
892	Bergkaiser	27	31	
893	Bergkaiser	48	53	
894	Bergkaiser	58	90	
895	Salamander's Breath	9	13	
896	Salamander's Breath	29	32	
897	Salamander's Breath	48	53	
898	Salamander's Breath	55	86	
899	The Compensator	1	1	
900	The Compensator	18	20	
901	The Compensator	37	41	
902	The Compensator	46	73	
903	Rainbowcleave	11	17	
904	Rainbowcleave	29	32	
905	Rainbowcleave	48	53	
906	Rainbowcleave	55	87	
907	Archon's Wrath	5	8	
908	Archon's Wrath	24	26	
909	Archon's Wrath	42	47	
910	Archon's Wrath	51	81	
911	The Warped Blade	12	19	
912	The Warped Blade	33	36	
913	The Warped Blade	52	58	
914	The Warped Blade	62	90	
915	Dreamswayer	7	12	
916	Dreamswayer	26	29	
917	Dreamswayer	44	49	
918	Dreamswayer	54	85	
919	Staff of Roses	10	16	
920	Staff of Roses	29	32	
921	Staff of Roses	47	52	
922	Staff of Roses	54	86	
923	Lachdanan's Avenger	12	18	
924	Lachdanan's Avenger	30	34	
925	Lachdanan's Avenger	49	54	
926	Lachdanan's Avenger	57	90	
927	Big Bad	3	4	
928	Big Bad	20	23	
929	Big Bad	37	43	
930	Big Bad	47	78	
931	Spellgrip	2	4	
932	Spellgrip	20	22	
933	Spellgrip	39	43	
934	Spellgrip	48	76	
935	Drake Cigar	3	5	
936	Drake Cigar	21	24	
937	Drake Cigar	40	44	
938	Drake Cigar	49	78	
939	Shadowchild	4	6	
940	Shadowchild	21	25	
941	Shadowchild	39	46	
942	Shadowchild	48	80	
943	Cornerstone of the Roflworld	120	1	
944	Cornerstone of the Roflworld	120	1	
945	Cornerstone of the Roflworld	120	1	
946	Cornerstone of the Roflworld	120	1	
947	Cornerstone of the Roflworld	120	1	
948	Cornerstone of the Roflworld	120	1	
949	Cornerstone of the Roflworld	120	1	
950	Cornerstone of the Roflworld	120	1	
951	Cornerstone of the Roflworld	120	1	
952	Cornerstone of the Roflworld	120	1	
953	Cornerstone of the Roflworld	120	1	
954	Cornerstone of the Roflworld	120	1	
955	Cornerstone of the Roflworld	120	1	
956	Cornerstone of the Roflworld	120	1	
957	Cornerstone of the Roflworld	120	1	
958	Cornerstone of the Roflworld	120	1	
959	Cornerstone of the Roflworld	120	1	
960	Cornerstone of the Roflworld	120	1	
961	Cornerstone of the Roflworld	120	1	
962	Cornerstone of the Roflworld	120	1	
963	Cornerstone of the Roflworld	120	1	
964	Cornerstone of the Roflworld	120	1	
965	Cornerstone of the Roflworld	120	1	
966	Cornerstone of the Roflworld	120	1	
967	Cornerstone of the Roflworld	120	1	
968	Cornerstone of the Roflworld	120	1	
969	Cornerstone of the Roflworld	120	1	
970	Cornerstone of the Roflworld	120	1	
971	Cornerstone of the Roflworld	120	1	
972	Cornerstone of the Roflworld	120	1	
973	Cornerstone of the Roflworld	120	1	
974	Cornerstone of the Roflworld	120	1	
975	Cornerstone of the Roflworld	120	1	
976	Cornerstone of the Roflworld	120	1	
977	Cornerstone of the Roflworld	120	1	
978	Cornerstone of the Roflworld	120	1	
979	Cornerstone of the Roflworld	120	1	
980	Cornerstone of the Roflworld	120	1	
981	Cornerstone of the Roflworld	120	1	
982	Cornerstone of the Roflworld	120	1	
983	Cornerstone of the Roflworld	120	1	
984	Cornerstone of the Roflworld	120	1	
985	Cornerstone of the Roflworld	120	1	
986	Cornerstone of the Roflworld	120	1	
987	Cornerstone of the Roflworld	120	1	
988	Cornerstone of the Roflworld	120	1	
989	Cornerstone of the Roflworld	120	1	
990	Cornerstone of the Roflworld	120	1	
991	Cornerstone of the Roflworld	120	1	
992	Cornerstone of the Roflworld	120	1	
993	Cornerstone of the Roflworld	120	1	
994	Cornerstone of the Roflworld	120	1	
995	Cornerstone of the Roflworld	120	1	
996	Cornerstone of the Roflworld	120	1	
997	Cornerstone of the Roflworld	120	1	
998	Cornerstone of the Roflworld	120	1	
999	Cornerstone of the Roflworld	120	1	
1000	Cornerstone of the Roflworld	120	1	
1001	Cornerstone of the Roflworld	120	1	
1002	Cornerstone of the Roflworld	120	1	
1003	Cornerstone of the Roflworld	120	1	
1004	Cornerstone of the Roflworld	120	1	
1005	Cornerstone of the Roflworld	120	1	
1006	Cornerstone of the Roflworld	120	1	
1007	Cornerstone of the Roflworld	120	1	
1008	Cornerstone of the Roflworld	120	1	
1009	Cornerstone of the Roflworld	120	1	
1010	Cornerstone of the Roflworld	120	1	
1011	Cornerstone of the Roflworld	120	1	
1012	Cornerstone of the Roflworld	120	1	
1013	Cornerstone of the Roflworld	120	1	
1014	Cornerstone of the Roflworld	120	1	
1015	Cornerstone of the Roflworld	120	1	
1016	Cornerstone of the Roflworld	120	1	
1017	Cornerstone of the Roflworld	120	1	
1018	Cornerstone of the Roflworld	120	1	
1019	Cornerstone of the Roflworld	120	1	
1020	Cornerstone of the Roflworld	120	1	
1021	Cornerstone of the Roflworld	120	1	
1022	Cornerstone of the Roflworld	120	1	
1023	Cornerstone of the Roflworld	120	1	
1024	Cornerstone of the Roflworld	120	1	
1025	Cornerstone of the Roflworld	120	1	
1026	Cornerstone of the Roflworld	120	1	
1027	Cornerstone of the Roflworld	120	1	
1028	Cornerstone of the Roflworld	120	1	
1029	Cornerstone of the Roflworld	120	1	
1030	Cornerstone of the Roflworld	120	1	
1031	Cornerstone of the Roflworld	120	1	
1032	Cornerstone of the Roflworld	120	1	
1033	Cornerstone of the Roflworld	120	1	
1034	Cornerstone of the Roflworld	120	1	
1035	Cornerstone of the Roflworld	120	1	
1036	Cornerstone of the Roflworld	120	1	
1037	Cornerstone of the Roflworld	120	1	
1038	Cornerstone of the Roflworld	120	1	
1039	Cornerstone of the Roflworld	120	1	
1040	Cornerstone of the Roflworld	120	1	
1041	Cornerstone of the Roflworld	120	1	
1042	Cornerstone of the Roflworld	120	1	
1043	Cornerstone of the Roflworld	120	1	
1044	Cornerstone of the Roflworld	120	1	
1045	Cornerstone of the Roflworld	120	1	
1046	Cornerstone of the Roflworld	120	1	
1047	Cornerstone of the Roflworld	120	1	
1048	Cornerstone of the Roflworld	120	1	
1049	Cornerstone of the Roflworld	120	1	
1050	Cornerstone of the Roflworld	120	1	
1051	Cornerstone of the Roflworld	120	1	
1052	Cornerstone of the Roflworld	120	1	
1053	Cornerstone of the Roflworld	120	1	
1054	Cornerstone of the Roflworld	120	1	
1055	Cornerstone of the Roflworld	120	1	
1056	Cornerstone of the Roflworld	120	1	
1057	Cornerstone of the Roflworld	120	1	
1058	Cornerstone of the Roflworld	120	1	
1059	Cornerstone of the Roflworld	120	1	
1060	Cornerstone of the Roflworld	120	1	
1061	Cornerstone of the Roflworld	120	1	
1062	Cornerstone of the Roflworld	120	1	
1063	Cornerstone of the Roflworld	120	1	
1064	Cornerstone of the Roflworld	120	1	
1065	Cornerstone of the Roflworld	120	1	
1066	Cornerstone of the Roflworld	120	1	
1067	Cornerstone of the Roflworld	120	1	
1068	Cornerstone of the Roflworld	120	1	
1069	Cornerstone of the Roflworld	120	1	
1070	Cornerstone of the Roflworld	120	1	
1071	Cornerstone of the Roflworld	120	1	
1072	Cornerstone of the Roflworld	120	1	
1073	Cornerstone of the Roflworld	120	1	
1074	Cornerstone of the Roflworld	120	1	
1075	Cornerstone of the Roflworld	120	1	
1076	Cornerstone of the Roflworld	120	1	
1077	Cornerstone of the Roflworld	120	1	
1078	Cornerstone of the Roflworld	120	1	
1079	Cornerstone of the Roflworld	120	1	
1080	Cornerstone of the Roflworld	120	1	
1081	Cornerstone of the Roflworld	120	1	
1082	Cornerstone of the Roflworld	120	1	
1083	Cornerstone of the Roflworld	120	1	
1084	Cornerstone of the Roflworld	120	1	
1085	Cornerstone of the Roflworld	120	1	
1086	Cornerstone of the Roflworld	120	1	
1087	Cornerstone of the Roflworld	120	1	
1088	Cornerstone of the Roflworld	120	1	
1089	Cornerstone of the Roflworld	120	1	
1090	Cornerstone of the Roflworld	120	1	
1091	Cornerstone of the Roflworld	120	1	
1092	Cornerstone of the Roflworld	120	1	
1093	Cornerstone of the Roflworld	120	1	
1094	Cornerstone of the Roflworld	120	1	
1095	Cornerstone of the Roflworld	120	1	
1096	Cornerstone of the Roflworld	120	1	
1097	Cornerstone of the Roflworld	120	1	
1098	Cornerstone of the Roflworld	120	1	
1099	Cornerstone of the Roflworld	120	1	
1100	Cornerstone of the Roflworld	120	1	
1101	Cornerstone of the Roflworld	120	1	
1102	Cornerstone of the Roflworld	120	1	
1103	Cornerstone of the Roflworld	120	1	
1104	Cornerstone of the Roflworld	120	1	
1105	Cornerstone of the Roflworld	120	1	
1106	Cornerstone of the Roflworld	120	1	
1107	Cornerstone of the Roflworld	120	1	
1108	Cornerstone of the Roflworld	120	1	
1109	Cornerstone of the Roflworld	120	1	
1110	Cornerstone of the Roflworld	120	1	
1111	Cornerstone of the Roflworld	120	1	
1112	Cornerstone of the Roflworld	120	1	
1113	Cornerstone of the Roflworld	120	1	
1114	Cornerstone of the Roflworld	120	1	
1115	Cornerstone of the Roflworld	120	1	
1116	Cornerstone of the Roflworld	120	1	
1117	Cornerstone of the Roflworld	120	1	
1118	Cornerstone of the Roflworld	120	1	
1119	Cornerstone of the Roflworld	120	1	
1120	Cornerstone of the Roflworld	120	1	
1121	Cornerstone of the Roflworld	120	1	
1122	Cornerstone of the Roflworld	120	1	
1123	Cornerstone of the Roflworld	120	1	
1124	Cornerstone of the Roflworld	120	1	
1125	Cornerstone of the Roflworld	120	1	
1126	Cornerstone of the Roflworld	120	1	
1127	Cornerstone of the Roflworld	120	1	
1128	Cornerstone of the Roflworld	120	1	
1129	Cornerstone of the Roflworld	120	1	
1130	Cornerstone of the Roflworld	120	1	
1131	Cornerstone of the Roflworld	120	1	
1132	Cornerstone of the Roflworld	120	1	
1133	Cornerstone of the Roflworld	120	1	
1134	Cornerstone of the Roflworld	120	1	
1135	Cornerstone of the Roflworld	120	1	
1136	Cornerstone of the Roflworld	120	1	
1137	Cornerstone of the Roflworld	120	1	
1138	Cornerstone of the Roflworld	120	1	
1139	Cornerstone of the Roflworld	120	1	
1140	Cornerstone of the Roflworld	120	1	
1141	Cornerstone of the Roflworld	120	1	
1142	Cornerstone of the Roflworld	120	1	
1143	Cornerstone of the Roflworld	120	1	
1144	Cornerstone of the Roflworld	120	1	
1145	Cornerstone of the Roflworld	120	1	
1146	Cornerstone of the Roflworld	120	1	
1147	Cornerstone of the Roflworld	120	1	
1148	Cornerstone of the Roflworld	120	1	
1149	Cornerstone of the Roflworld	120	1	
1150	Cornerstone of the Roflworld	120	1	
1151	Cornerstone of the Roflworld	120	1	
1152	Cornerstone of the Roflworld	120	1	
1153	Cornerstone of the Roflworld	120	1	
1154	Cornerstone of the Roflworld	120	1	
1155	Cornerstone of the Roflworld	120	1	
1156	Cornerstone of the Roflworld	120	1	
1157	Cornerstone of the Roflworld	120	1	
1158	Cornerstone of the Roflworld	120	1	
1159	Cornerstone of the Roflworld	120	1	
1160	Cornerstone of the Roflworld	120	1	
1161	Cornerstone of the Roflworld	120	1	
1162	Cornerstone of the Roflworld	120	1	
1163	Cornerstone of the Roflworld	120	1	
1164	Cornerstone of the Roflworld	120	1	
1165	Cornerstone of the Roflworld	120	1	
1166	Cornerstone of the Roflworld	120	1	
1167	Cornerstone of the Roflworld	120	1	
1168	Cornerstone of the Roflworld	120	1	
1169	Cornerstone of the Roflworld	120	1	
1170	Cornerstone of the Roflworld	120	1	
1171	Cornerstone of the Roflworld	120	1	
1172	Cornerstone of the Roflworld	120	1	
1173	Cornerstone of the Roflworld	120	1	
1174	Cornerstone of the Roflworld	120	1	
1175	Cornerstone of the Roflworld	120	1	
1176	Cornerstone of the Roflworld	120	1	
1177	Cornerstone of the Roflworld	120	1	
1178	Cornerstone of the Roflworld	120	1	
1179	Cornerstone of the Roflworld	120	1	
1180	Cornerstone of the Roflworld	120	1	
1181	Cornerstone of the Roflworld	120	1	
1182	Cornerstone of the Roflworld	120	1	
1183	Cornerstone of the Roflworld	120	1	
1184	Cornerstone of the Roflworld	120	1	
1185	Cornerstone of the Roflworld	120	1	
1186	Cornerstone of the Roflworld	120	1	
1187	Cornerstone of the Roflworld	120	1	
1188	Cornerstone of the Roflworld	120	1	
1189	Cornerstone of the Roflworld	120	1	
1190	Cornerstone of the Roflworld	120	1	
1191	Cornerstone of the Roflworld	120	1	
1192	Cornerstone of the Roflworld	120	1	
1193	Cornerstone of the Roflworld	120	1	
1194	Cornerstone of the Roflworld	120	1	
1195	Cornerstone of the Roflworld	120	1	
1196	Cornerstone of the Roflworld	120	1	
1197	Cornerstone of the Roflworld	120	1	
1198	Cornerstone of the Roflworld	120	1	
1199	Cornerstone of the Roflworld	120	1	
1200	Cornerstone of the Roflworld	120	1	
1201	Cornerstone of the Roflworld	120	1	
1202	Cornerstone of the Roflworld	120	1	
1203	Cornerstone of the Roflworld	120	1	
1204	Cornerstone of the Roflworld	120	1	
1205	Cornerstone of the Roflworld	120	1	
1206	Cornerstone of the Roflworld	120	1	
1207	Cornerstone of the Roflworld	120	1	
1208	Cornerstone of the Roflworld	120	1	
1209	Cornerstone of the Roflworld	120	1	
1210	Cornerstone of the Roflworld	120	1	
1211	Cornerstone of the Roflworld	120	1	
1212	Cornerstone of the Roflworld	120	1	
1213	Cornerstone of the Roflworld	120	1	
1214	Cornerstone of the Roflworld	120	1	
1215	Cornerstone of the Roflworld	120	1	
1216	Cornerstone of the Roflworld	120	1	
1217	Cornerstone of the Roflworld	120	1	
1218	Cornerstone of the Roflworld	120	1	
1219	Cornerstone of the Roflworld	120	1	
1220	Cornerstone of the Roflworld	120	1	
1221	Cornerstone of the Roflworld	120	1	
1222	Cornerstone of the Roflworld	120	1	
1223	Cornerstone of the Roflworld	120	1	
1224	Cornerstone of the Roflworld	120	1	
1225	Cornerstone of the Roflworld	120	1	
1226	Cornerstone of the Roflworld	120	1	
1227	Cornerstone of the Roflworld	120	1	
1228	Cornerstone of the Roflworld	120	1	
1229	Cornerstone of the Roflworld	120	1	
1230	Cornerstone of the Roflworld	120	1	
1231	Cornerstone of the Roflworld	120	1	
1232	Cornerstone of the Roflworld	120	1	
1233	Cornerstone of the Roflworld	120	1	
1234	Cornerstone of the Roflworld	120	1	
1235	Cornerstone of the Roflworld	120	1	
1236	Cornerstone of the Roflworld	120	1	
1237	Cornerstone of the Roflworld	120	1	
1238	Cornerstone of the Roflworld	120	1	
1239	Cornerstone of the Roflworld	120	1	
1240	Cornerstone of the Roflworld	120	1	
1241	Cornerstone of the Roflworld	120	1	
1242	Cornerstone of the Roflworld	120	1	
1243	Cornerstone of the Roflworld	120	1	
1244	Cornerstone of the Roflworld	120	1	
1245	Cornerstone of the Roflworld	120	1	
1246	Cornerstone of the Roflworld	120	1	
1247	Cornerstone of the Roflworld	120	1	
1248	Cornerstone of the Roflworld	120	1	
1249	Cornerstone of the Roflworld	120	1	
1250	Cornerstone of the Roflworld	120	1	
1251	Cornerstone of the Roflworld	120	1	
1252	Cornerstone of the Roflworld	120	1	
1253	Cornerstone of the Roflworld	120	1	
1254	Cornerstone of the Roflworld	120	1	
1255	Cornerstone of the Roflworld	120	1	
1256	Cornerstone of the Roflworld	120	1	
1257	Cornerstone of the Roflworld	120	1	
1258	Cornerstone of the Roflworld	120	1	
1259	Cornerstone of the Roflworld	120	1	
1260	Cornerstone of the Roflworld	120	1	
1261	Cornerstone of the Roflworld	0	0	
1262	Cornerstone of the Roflworld	0	0	
1263	Cornerstone of the Roflworld	0	0	
1264	Cornerstone of the Roflworld	0	0	
1265	Cornerstone of the Roflworld	0	0	
1266	Cornerstone of the Roflworld	0	0	
1267	Cornerstone of the Roflworld	0	0	
1268	Cornerstone of the Roflworld	0	0	
1269	Cornerstone of the Roflworld	0	0	
1270	Cornerstone of the Roflworld	0	0	
1271	Cornerstone of the Roflworld	0	0	
1272	Cornerstone of the Roflworld	0	0	
1273	Cornerstone of the Roflworld	0	0	
1274	Cornerstone of the Roflworld	0	0	
1275	Cornerstone of the Roflworld	0	0	
1276	Cornerstone of the Roflworld	0	0	
1277	Cornerstone of the Roflworld	0	0	
1278	Cornerstone of the Roflworld	0	0	
1279	Cornerstone of the Roflworld	0	0	
1280	Cornerstone of the Roflworld	0	0	
1281	Cornerstone of the Roflworld	0	0	
1282	Cornerstone of the Roflworld	0	0	
1283	Cornerstone of the Roflworld	0	0	
1284	Cornerstone of the Roflworld	0	0	
1285	Cornerstone of the Roflworld	0	0	
1286	Cornerstone of the Roflworld	0	0	
1287	Cornerstone of the Roflworld	0	0	
1288	Cornerstone of the Roflworld	0	0	
1289	Cornerstone of the Roflworld	0	0	
1290	Astreon's Citadel	100	105	
1291	Herald of Zakarum	100	120	
1292	Fren Slairea	30	40	
1293	Scarab of Death	40	70	
1294	Hangman	1	1	
1295	Teganze Pendant	60	70	
1296	Felblood	10	1	
1297	Angel Heart	40	40	
1298	Athulua's Oracle	60	60	
1299	The Dreamcatcher	80	80	
1300	Witchmoon	100	100	
1301	Jerhyn's Tawiz	0	1	
1302	The Tesseract	100	105	
1303	Khanduran Royal Pendant	100	120	
1304	Locket of Dreams	100	105	
1305	Niradyahk	80	105	
1306	Lamen of the Archbishop	110	120	
1307	Beads of the Snake Queen	100	120	
1308	Vizjerei's Necklace	100	105	
1309	Dyers Eve	100	120	
1310	In For The Kill	100	120	
1311	Death Ward	110	105	
1312	Klaatu Barada Nikto	110	105	
1313	Black Dwarf	110	105	
1314	Gallowlaugh	110	110	
1315	Quov Tsin's Talisman	110	110	
1316	The Buried Hawk	100	120	
1317	The Buried Hawk	100	120	
1318	The Buried Hawk	100	120	
1319	The Buried Hawk	100	120	
1320	The Buried Hawk	100	120	
1321	The Buried Hawk	100	120	
1322	The Buried Hawk	100	120	
1323	The Buried Hawk	100	120	
1324	The Buried Hawk	100	120	
1325	The Buried Hawk	100	120	
1326	The Buried Hawk	100	120	
1327	The Buried Hawk	100	120	
1328	The Buried Hawk	100	120	
1329	The Buried Hawk	100	120	
1330	The Buried Hawk	100	120	
1331	The Buried Hawk	100	120	
1332	The Buried Hawk	100	120	
1333	The Buried Hawk	100	120	
1334	The Buried Hawk	100	120	
1335	The Buried Hawk	100	120	
1336	Silks of the Victor	100	105	
1337	Khazra Plate	100	120	
1338	Tyrael's Might	130	130	
1339	Herald of Pestilence	100	120	
1340	The Angiris Star	100	120	
1341	Forest Defender	100	105	
1342	Greenwalker's Charge	100	120	
1343	Locust Hive	5	1	
1344	Hanabigami	60	80	
1345	Cindercone	40	40	
1346	Bag of Tricks	100	120	
1347	Kingsport's Signals	110	120	
1348	The Doom Gong of Xiansai	100	105	
1349	Eagle Eye	80	105	
1350	Boarfrost	100	120	
1351	Vision of the Furies	100	105	
1352	Danmaku	100	120	
1353	Bul Kathos' Temper	100	105	
1354	Lilith's Legion	100	120	
1355	Talic the Unwilling	100	105	
1356	Berserrker	100	120	
1357	Griefbringer	100	105	
1358	Buzzbomb	100	105	
1359	Penumbra	100	120	
1360	Zann Prodigy	100	105	
1361	Lachdanan's Visage	100	120	
1362	Tylwulf's Betrayal	100	105	
1363	Shadowfang	100	120	
1364	Xorine's Cane	100	105	
1365	Absolute Zero	100	120	
1366	Ashaera's Armor	100	105	
1367	Dementia	100	120	
1368	Hivemind	100	105	
1369	Veil of the Tainted Sun	100	120	
1370	Plunderbird	100	105	
1371	Drow Valor	100	120	
1372	Dreamweaver	100	105	
1373	Mind Rake	100	120	
1374	Banner of Bitter Winds	100	105	
1375	Zayl's Temptation	100	120	
1376	TheTranquilizer	60	80	
1377	Larzuk's Bandolier	40	40	
1378	PlagueGland	5	1	
1379	Lammergeier	100	120	
1380	Devil's Dance	100	120	
1381	Gaze of the Dead	120	105	
1382	Black Masquerade	80	120	
1383	Rainbow Fury	100	105	
1384	The Collector	110	120	
1385	Storm Focus	100	105	
1386	The Pyre	100	105	
1387	Mad King's Spine	100	120	
1388	Reaper's Hand	100	105	
1389	Soul Reaver	120	120	
1390	Aeterna	100	105	
1391	Sarandeshi Hellcaller	100	120	
1392	Esubane	100	105	
1393	Giyua's Grace	100	120	
1394	Rodeo's Hide	100	105	
1395	Pawnstorm	100	120	
1396	Armor of the Old Religion	100	105	
1397	Atanna Khan's Dress	100	120	
1398	Lionblood Crest	100	105	
1399	Rainbow Maiden	100	120	
1400	Shrill Sacrament	100	105	
1401	Angel's Wrath	100	120	
1402	Dacana's Fist	100	105	
1403	Facebreaker	100	120	
1404	Hepsheeba's Mantle	100	105	
1405	Hide of the Basilisk	100	120	
1406	Eyes of Septumos	80	105	
1407	Dark Pact	100	120	
1408	Gravetalon	100	105	
1409	Atanna's Key	100	120	
1410	Twin Terrors	100	105	
1411	Sagittarius	100	120	
1412	Gjallarhorn	100	105	horn_blast
1413	Signal Fire	100	120	
1414	Gromotvod	100	105	
1415	Soulsplitter	100	120	
1416	Ignis Demonia	100	105	
1417	Angelhost	100	120	
1418	Aidan's Lament	100	105	
1419	Undead Crown	110	120	item_ucrown
1420	Shadowsabre	100	105	
1421	Cold Blood	100	120	
1422	Azurewrath	100	130	
1423	Bone Scalpel	100	105	
1424	Wizardspike	100	120	
1425	Hwanin's Hwacha	100	105	
1426	Advent of Hatred	100	120	
1427	Grim Silhouette	100	105	
1428	Sinwar	100	120	
1429	Crown of the Black Rose	110	105	
1430	Griffon's Eye	100	120	
1431	Leah's Vision	100	105	
1432	Galeona's Lash	100	120	
1433	Habacalva's Legacy	100	105	
1434	Holy Wars	100	120	
1435	Crown of Arnazeus	100	105	
1436	Deviant Crown	60	120	
1437	Phoenix Beak	666	105	
1438	Sky Spirit	100	120	
1439	Shadowtwin	100	105	
1440	Warmonger	100	120	barbarian_shout_1
1441	Icetomb	100	105	
1442	Segnitia	100	120	
1443	Blacktongue	100	105	
1444	Carsomyr	100	120	
1445	Hanfod Tan	666	105	
1446	The Searing Heat	100	120	
1447	The Biting Frost	100	120	
1448	Warshrike	100	105	
1449	Piranha Swarm	100	120	
1450	Shiverhood	100	105	
1451	Reapers	100	120	
1452	Robe of Steel	100	105	
1453	Goetia Plate	100	120	
1454	The Ritualist	100	105	
1455	Cloak of the Outcast	100	120	
1456	Hero's Fang	100	105	
1457	The Sentinel's Sorrow	100	120	
1458	Hellmouth	100	105	
1459	Lamha Na Draoithe	100	120	
1460	Qarak's Will	100	105	
1461	Durandal the Blazing Sword	100	105	
1462	Toraja's Champion	100	105	
1463	The Ancients' Legacy	100	120	
1464	Night's Embrace	100	105	
1465	Moonfang	100	120	
1466	Aerin Nexus	100	105	
1467	Spire of Sarnakyle	100	120	
1468	The Point of No Return	125	130	
1469	Darkfeast	100	105	
1470	Darkfeast	100	105	
1471	Darkfeast	100	105	
1472	Adjudicator	100	120	
1473	Scales of the Serpent	100	105	
1474	Strength Beyond Strength	100	120	
1475	Shield of Hakan II	100	105	
1476	Madawc Val Narian	100	120	
1477	Dead Lake's Lady	100	105	
1478	The Redeemer	100	120	
1479	Elder Law	100	105	
1480	Gotterdammerung	100	120	
1481	Metalhead	100	105	
1482	Veil of Steel	130	120	
1483	Feltongue	100	105	
1484	The Grandfather	120	120	
1485	Rodeo's Tramplers	100	105	
1486	Knight's Grace	100	120	
1487	Peace Warder	100	105	
1488	Grotesque Bite	100	105	
1489	Headsman	100	120	
1490	Chober Chaber	100	105	
1491	Malleus Maleficarum	100	120	
1492	Razorspine	100	105	
1493	The Petulant	100	120	
1494	Savage Hunter	100	105	
1495	Nor Tiraj's Wisdom	100	105	
1496	Black Void	100	120	
1497	Titan's Steps	100	105	
1498	Spirit Walker	100	120	
1499	Ratbane	100	105	
1500	Buriza-Do Kyanon	120	120	
1501	Hammerfist	100	105	
1502	Rogue Foresight	100	120	
1503	Argentek's Tide	100	105	
1504	The Last Crusader	120	120	
1505	Dreamflayer	100	105	
1506	The Defiler	100	120	
1507	In Fero Salva	100	105	
1508	Venom Sting	100	120	
1509	Bear Grin	100	105	
1510	Voice of Arreat	100	120	
1511	Barghest's Howl	100	105	
1512	Blessed Wrath	100	120	
1513	Chillstring	100	105	
1514	Etrayu	100	120	
1515	The Pathless	100	105	
1516	Claw of the Spirit Wolf	100	120	
1517	Farsight Globe	40	80	
1518	Storm Shard	20	20	
1519	The Boulder	1	1	
1520	Borgin's Vigil	0	1	
1521	Katamari	30	40	
1522	Demonstone Blood	40	40	
1523	Asheara's Cateye	100	100	
1524	Zakarum Stoning Rock	60	60	
1525	Wishmaster	0	1	
1526	Atomus	120	120	
1527	Inarius' Rock	100	115	
1528	Xepera Xeper Xeperu	110	105	
1529	Arkenstone	100	120	
1530	Zann Esu's Stone	100	115	
1531	Suicide Note	100	115	
1532	Heavenstone	100	105	
1533	Jewel of Luck	125	130	
1534	Dervish of Aranoch	100	105	
1535	Adamantine Guard	100	120	
1536	Lightforge	100	105	
1537	Stormflyer	100	120	
1538	Skeld's Battlesong	100	105	
1539	Thunder King of Sescheron	100	120	
1540	Frostneedle	100	105	
1541	Black Razor	100	120	
1542	Yaggai's Sagaris	100	105	
1543	The King of Ents	100	120	
1544	Bartuc's Curse	100	105	
1545	Frozen Heart	100	120	
1546	Blackjade's Legacy	100	105	
1547	Demonic Touch	100	120	
1548	The Endless Loop	100	105	
1549	Lunar Eclipse	100	120	
1550	Blind Anger	100	105	
1551	Lorekeeper	80	120	
1552	Elemental Disciple	80	105	
1553	Auriel's Robe	100	120	
1554	Binding Treads	100	105	
1555	Akarat's Trek	100	120	
1556	Shamanka	100	105	
1557	Staff of Shadows	100	120	
1558	Hellreach	100	105	
1559	Windforce	100	120	
1560	Dreamflange	100	105	
1561	Hellrain	100	105	
1562	Titan's Revenge	100	120	
1563	Serenthia's Scorn	100	105	
1564	Panthera's Bite	100	120	
1565	Cleaver of Mirrors	100	105	
1566	Karybdus' Descent	100	105	
1567	Shadowfiend	100	120	
1568	Trang-Oul's Breath	100	105	
1569	Idol of Rygnar	100	120	
1570	Viper Mandate	100	105	
1571	Hammer of Jholm	100	120	
1572	The Captain	100	105	
1573	The Colonel	100	120	
1574	Karcheus' Temptation	100	105	
1575	Rakkis' Benediction	100	120	
1576	Firequeen	100	105	
1577	Frysturgard	100	105	
1578	Zular Khan's Tempest	100	105	
1579	Storm Blade	125	130	
1580	Silver Scorpion	100	105	
1581	Impundulu	100	105	
1582	Crimson Dream	100	120	
1583	The Pride of Caldeum	100	105	
1584	Stormchaser	100	120	
1585	Skin of Kabraxis	100	105	
1586	Wolverine Skin	100	120	
1587	Lilith's Temptation	100	105	item_cap
1588	Champion of the Triune	115	120	
1589	Bottled Will-o-Wisp	100	105	
1590	Homunculus	100	120	
1591	Screen of Viz-Jaq'Taar	100	105	
1592	Natalya's Deception	80	120	
1593	Guardian of Scosglen	100	105	
1594	Mr. Painless	100	120	
1595	Askarbydd	100	105	
1596	Chasmstriker	100	120	
1597	Nihlathak's Bombard	100	105	
1598	Manticore Sting	100	120	
1599	Xorine's Ring	80	80	
1600	The Seal of Kharos	60	80	
1601	Ring of Disengagement	1	1	
1602	Bloodbond	50	50	
1603	Ring of Truth	20	20	
1604	Myokai's Path	30	40	
1605	Ripstar	60	60	
1606	Earth Rouser	100	100	
1607	Ring of Regha	0	1	
1608	Empyrean Band	40	40	
1609	Hratli's Craft	100	105	
1610	Scales of the Drake	100	120	
1611	Ouroboros	110	120	
1612	Der Nebelring	110	105	
1613	Sigil of Tur Dulra	100	105	
1614	Ras Algethi	100	105	
1615	Adrenaline Rush	100	120	
1616	Seal of the Nephalem Kings	100	120	
1617	Bad Mood	100	120	
1618	Giant's Knuckle	100	120	
1619	Signet of the Gladiator	100	120	
1620	Elemental Band	100	120	
1621	Witchcraft	100	120	
1622	Black Hand Sigil	100	120	
1623	Empyrean Glory	50	120	
1624	Orationis Tenebris	100	105	
1625	The Vanquisher	100	120	
1626	Saber of the Stormsail	100	105	
1627	Saber of the Stormsail	100	150	
1628	Alnair	100	120	
1629	Ghostmoon	100	105	
1630	Mistress of Pain	100	120	
1631	Alchemist Apron	100	105	
1632	Legionnaire	100	105	
1633	Solar Scion	110	120	
1634	Kraken's Cutlass	100	105	
1635	Sherazade	100	120	
1636	Legio Di Manes	100	105	
1637	Bitter Harvest	100	105	
1638	Freakshow	100	120	
1639	Faerie Pyre	100	105	
1640	Golden Chariot	100	105	
1641	Hammerfall	100	120	
1642	Screaming Serpent	100	105	
1643	Vizjerei Fury	100	120	
1644	Vizjerei's Folly	100	105	
1645	Deckard Cain's Heirloom	100	120	
1646	The Xiphos	60	105	
1647	The Eviscerator	100	120	
1648	Fleshstinger	100	105	
1649	Lacuni Cowl	90	105	
1650	Skull of the Viz-Jaq'taar	100	120	
1651	Witch Drum	100	105	
1652	The Flying Saucer	100	120	
1653	Bane of the Horadrim	100	105	
1654	Glowing Vertigo	100	120	
1655	Helepolis	100	105	
1656	Asgardsreia	100	120	
1657	Kaskara of the Taan	100	105	
1658	Gladiator's Rage	100	120	
1659	Darkspite	80	105	
1660	Stone Guardian	100	105	
1661	Celestial Barrier	100	120	
1662	Mente Scura	100	105	
1663	Heart of Fire	100	120	
1664	Nature's Orphan	100	105	
1665	Ranger's Disguise	100	120	
1666	Candlewake	100	105	
1667	Arkaine's Valor	100	120	
1668	Horned Hunter	100	105	
1669	Athulua's Wrath	100	120	
1670	The Book of Kalen	100	105	item_book
1671	Mark of the Que-Hegan	100	120	
1672	Black Sun Spear	100	105	
1673	JaguarsGrasp	100	120	
1674	Lacerator	100	105	
1675	Meshif's Iron Parrot	100	105	
1676	Dark Nemesis	100	120	
1677	Lancea	100	105	
1678	Thrillseeker	100	120	
1679	Royal Circlet	100	105	
1680	Radiance	100	120	
1681	Hexward	100	105	
1682	EternalBodyguard	100	120	
1683	Nymyr's Shadow	100	105	
1684	Stygian Fury	100	120	
1685	Steel Pillar	100	105	
1686	The Retiarius	100	120	
1687	Ord Rekar's Testament	100	105	
1688	Azgar's Mark	100	105	
1689	Storm Arc	100	120	
1690	Nimmenjuushin	100	105	
1691	Dux Infernum	100	120	
1692	Thunderbane	100	105	
1693	Battlemaiden	100	120	
1694	Spire of Kehjan	100	105	
1695	Valthek's Command	100	120	
1696	Aurumvorax	100	105	
1697	Eternal Vigil	100	120	
1698	Starhawk	100	105	
1699	Steel Punisher	100	120	
1700	Coldhunger	100	105	
1701	Manastorm	100	105	
1702	Dark Guardian	100	105	
1703	Feardrinker	100	120	
1704	Phoenix Beak	100	105	
1705	Hanfod Tan	100	105	
1706	Onslaught	130	1	
1707	King's Desire	100	105	
1708	Smokeless Fire	100	120	
1709	Grim Visor	100	105	
1710	Iron Shard	100	105	
1711	The Worshipper	120	130	
1712	Malevolence	100	120	
1713	Maleficence	125	110	
1714	Desolation	125	110	
1715	Despondence	125	110	
1716	Celestial Sigil	125	110	
1717	Vial of Elder Blood	135	1	
1718	Zann Esu's Stone	100	115	
1719	Zann Esu's Stone	100	115	
1720	Zann Esu's Stone	100	115	
1721	The Awakening	130	130	
1722	Endless Pride	120	130	
1723	Arrogance	120	130	
1724	Wintry Majesty	120	130	
1725	Clockwork Slippers	80	105	
1726	Tinker's Gambit	100	120	
1727	Khazra Pouch	90	105	
1728	Hand of Rathma	100	125	
1729	Implement V.II	120	105	
1730	Flameskin	100	120	
1731	Black Ice	70	120	
1732	Blackleach Blade	6	9	
1733	Blackleach Blade	26	29	
1734	Blackleach Blade	47	51	
1735	Blackleach Blade	57	90	
1736	Vaetia's Wall	100	105	
1737	Sash of the Frozen Seas	100	105	
1738	Azgar's Crystal	100	125	
1739	Stormpick	100	120	
1740	Witherfang	100	130	
1741	Astral Blade	100	120	
1742	The Defender	100	105	
1743	Stormstrike	100	105	
1744	Hephasto's Reaver	60	105	
1745	Daydreamer	130	130	
1746	Luminescence	100	105	
1747	Ophiophagus	120	120	
1748	Malus Domestica	100	105	
1749	Unveiling Eye	130	130	
1750	Zephyr	100	105	
1751	Void-Touched	100	120	
1752	Void-Infused	0	140	
